{"products":[{"id":"0.558673316244021","qty":7}],"totalPrice":146.92999999999998}